address,score,scorePercentage,distributedTokens,maxBorrow
0xDb951423188b9cBE6293937eDB2303dcECFE559C,9549757643.950000762939,0.000724524411,362.262205576863376229,20111.000000000000
0x975793c7A6a077221aCa4E4FB9B7f9A46378463a,104223972076942.109375000000,7.907301400993,3953650.700496473262595486,25000000.000000000000
0x0917e9E60fAF685e399efF18a6739637Edd98493,17010042654103.648437500000,1.290523969001,645261.984500302489948235,3222318.000000000000
0x52bEaF46D98a6caA234d5D6FD3870fD8a7727b74,116529700234.080795288086,0.008840916764,4420.458381868215388168,60000.000000000000
0x790a6c3C8F66BF7b10Ef183eB587842C12b3Af7C,89520046897.500000000000,0.006791738773,3395.869386588842145017,7705.000000000000
0x06CE1F5D0ee2de871d962ed40Df5e9aE81faE604,528086500000.000000000000,0.040065054498,20032.527249166688110145,50000.000000000000
0xF25C2b2248894884335AEa8BBDe39605Cd71E7B8,71313256445232.156250000000,5.410419516371,2705209.758185306986931794,12000000.000000000000
0x541a5f29D2bb51B19b0f81C9871768a5Dd507D28,2323218500000.000000000000,0.176258767861,88129.383930507898613619,200000.000000000000
0xdeC8e4316051565c03b3444B85641Ae7921E37A6,613214976000.000000000000,0.046523612008,23261.806003973017052059,88000.000000000000
0x3f13FCF31D1ed321E91ebdbD74b4E815f7130b73,900660675000.000000000000,0.068331644585,34165.82229273113874488,350000.000000000000
0xAbd263D64781A01fe3D9b17F12FC95f6FcCB2943,252569420661.960205078125,0.019162026682,9581.013341028338625191,100000.000000000000
0xA60196D9F91F916F767124E5079D5DAC0B955118,154972884036.856384277344,0.011757537912,5878.768956127972927729,950000.000000000000
0x7738e7eFA86078F946beFb4ed7ca2Bf8B36F4E31,12667382364367.500000000000,0.961053472830,480526.736414972722133248,2399955.000000000000
0xd7Ce18835F371cF04A9aD8B61e61226875bCC2D8,503386050000.000000000000,0.038191071968,19095.535984115073798228,200000.000000000000
0xf0d4d20e4a0105c7E95B10f0B9d1b295c235EBc7,71333633205000.000000000000,5.411965467632,2705982.733815812696506695,10000000.000000000000
0xC55AE491E46Ce0A31e600033f430Ca177faF305a,796094295000.000000000000,0.060398365258,30199.182629159510626633,130000.000000000000
0xB327deb67A7725f277bAE3C70A50C69255283908,2571246100000.000000000000,0.195076214077,97538.107038455963280881,400000.000000000000
0xe779927f76fcf902cE7445e5602401BaE2E46efE,5363948610000.000000000000,0.406953961872,203476.980935802714795247,1020000.000000000000
0xa806a4C9660E29c29465743E554E68b08a07D113,2316799000000.000000000000,0.175771730951,87885.865475338100570451,250000.000000000000
0x55dD25A28B45a920Cbe53254Fb34CBAf54b964Fd,50219784132.392044067383,0.003810092453,1905.046226478829675137,20000.000000000000
0x6FD397633EC8d9c07422f0c70C5494fBe86E7Ad7,2204294030000.000000000000,0.167236163853,83618.081926257257241127,320000.000000000000
0xEB27A4A1A776985a5F2926400529f6d49DE38212,395720492431.250000000000,0.030022663134,15011.331567238843987037,80000.000000000000
0xd768DAFf5AeFFC055D334B5F4dB1bf401A84d12e,2266261900000.000000000000,0.171937564265,85968.782132279980672118,275000.000000000000
0xE0405e62f991E166A4783324cAc2806D8e50Ce2C,7381051000000.000000000000,0.559988203770,279994.101884803024584193,1400000.000000000000
0x587B938A8B21ea570325E91BDd01B161783A75e8,10257641904221.142578125000,0.778230426108,389115.213054119190249649,5931710.000000000000
0xA1BA71A032bD935274223e86c6BFBaB6B815B465,1598542390000.000000000000,0.121278782876,60639.391437999348818758,700000.000000000000
0x3Fb22974f6878655dbc9C20cCfb0A942CdeD9CEc,7719889810001.574218750000,0.585695347181,292847.673590256107878101,3069928.533707707655
0x0A338782562E1740b9468F0855dD4C51F29dEfDE,75345821500000.000000000000,5.716363596909,2858181.798454607921416711,16000000.000000000000
0x43C89407960a524cb8C6Ce09D647423FCeCC40C6,113953500000.000000000000,0.008645464688,4322.732343826089463675,10000.000000000000
0x43c21cC46637Ae611d2b3BEEaD90A73aE56362b3,2939746949254.909667968750,0.223033767637,111516.883818472199220953,350000.000000000000
0x6b1306e7A950Ece88Fc8B74138B0BdbE07f3719c,5539381737275.730468750000,0.420263784799,210131.892399280001883739,650000.000000000000
0x2b0D1140d264dCdf69f77Dc7fc23A36a5A9FcA1d,113932475000.000000000000,0.008643869555,4321.934777735280988894,10000.000000000000
0x2B6936778A7F8F6f0121F0982b1c2e04219243e3,2278607500000.000000000000,0.172874204638,86437.102319232898924587,200000.000000000000
0xA9F51db4725f0EAf9d530Bae8db0fd858D505547,3279896235000.000000000000,0.248840334688,124420.167343942189811492,601000.000000000000
0xD7433AaCD0BFb75865C6fee509A1862360E60257,1435597460000.000000000000,0.108916418944,54458.209471903721393252,814000.000000000000
0xb8EBD91544abF02e9d008f0a715fDC98C4D91C5b,5771613605000.000000000000,0.437882834777,218941.417388673412422604,680000.000000000000
0x46ebC776bF61E4a1E0776C4187aDF3311BD38d34,15969652125000.000000000000,1.211591250122,605795.625060998918278357,1500000.000000000000
0xE96aBB22A6506f56E26df4c9fd8f3b70aC66Efb4,749123050000.000000000000,0.056834734128,28417.367064115176880058,200000.000000000000
0x20bAaD48A5508342F416C552265c71EA059373D3,2277399500000.000000000000,0.172782555665,86391.277832303213429432,400000.000000000000
0xbfCAd3A0440c5B2EB42a48AE461c383208D8A77c,1002032680000.000000000000,0.076022571933,38011.28596670341743963,110000.000000000000
0xd5d7Ec0C74c401835bD87820afC21B5a207D7eBC,364333200000.000000000000,0.027641360863,13820.680431664314108714,40000.000000000000
0x8ecF17eAC7D95beE21CF7D99201baebD4055B5b0,2802197780000.000000000000,0.212598138318,106299.069158943469057064,900000.000000000000
0x2A3cDC2C160754Cd1361d4917857dD490BB14987,11938701400000.017578125000,0.905769646129,452884.823064336695424386,1800000.000000000000
0x65813Ad432936e594607Bd2b84219eE1DDaffa7C,4430304100000.000000000000,0.336119887955,168059.943977634156369838,800000.000000000000
0x932759561A5736d823fd60Aa57E2B186CDe0C980,10434464112120.000000000000,0.791645636298,395822.818149102073734349,1410000.000000000000
0x22ab52BAc290dD91908224d2AdB19dD42b932134,2430257000000.000000000000,0.184379602868,92189.801434003876157597,450000.000000000000
0xa3fE5e20d002359428f9c7C0703aca69F6E7a381,6517373620000.000000000000,0.494462420969,247231.21048474092799538,1030000.000000000000
0xBe08D5Fb542ac0c808BDeA3BbCF85caeB2B5522c,1221851200000.000000000000,0.092699841630,46349.920814917663805849,200000.000000000000
0xe491a345CDae4eEbaeC104456c0A229E1deaDff1,3344952800000.000000000000,0.253776069311,126888.034655641473623656,320000.000000000000
0x59472f1D1073a553ea4f304649A56A838Ccfa007,2258835750000.000000000000,0.171374154474,85687.077236905076748406,1000000.000000000000
0x9592BA99Ceb375c5de3a6E0693c4AC572719884D,344744372990.000000000000,0.026155188765,13077.594382585162454497,53644.000000000000
0x288e6e2b8526C56c7CfeC33F29F6517d8d514D17,1299777260000.000000000000,0.098611963679,49305.981839712272809624,530000.000000000000
0x9eB75d5427F0617AAAe443c61ea82893Ec74BEb9,1703900625000.000000000000,0.129272138940,64636.069470029342920255,150000.000000000000
0x342b7a6636b095028E85354A2d33CdDe5C53852e,661543220000.000000000000,0.050190196421,25095.0982105232252086,600000.000000000000
0xc4b84Ee1Cf1765Bf907ab59859B6a7d7a879d08f,1070094000000.000000000000,0.081186272378,40593.136189184495241856,500000.000000000000
0x30a11f534DA9B258F1F5D684C8c36D628219f651,407081300000.000000000000,0.030884588926,15442.294462888559568503,120000.000000000000
0x9F13B8A3E27542a4FcD76f36Cc5285E3dCB1ADd7,91037165000.000000000000,0.006906840029,3453.420014617650513669,47000.000000000000
0x0A1760Da72515503A8D36eE2ACb33698091EeD15,5550751446190.000000000000,0.421126385920,210563.192960154399894269,1010000.000000000000
0xB08e6b21464539eF59AE2cE9C63165b30a09F7f5,7370022475000.000000000000,0.559151487710,279575.743855236625804845,650000.000000000000
0x2f234B7c3762327cDbE85FCaB3b87e880e13e3f3,3898193610824.084960937500,0.295749540014,147874.770007112406492956,3823910.125814990140
0x68fAc3afA93709230aCcaa01374934ea675dD550,1134137500000.000000000000,0.086045147426,43022.573712927304024095,100000.000000000000
0xcA877897DACece27D2Df024fDd9C04F005EEBe28,20052850000000.000000000000,1.521376759483,760688.379741675315823334,2000000.000000000000
0xba40A0A06b876690d399436fFB8F3111923fcf24,8611879500000.000000000000,0.653369138390,326684.569195179186399688,3200000.000000000000
0xbDCEe87119265FC0ec27a3113EFC3fBBB90D4D7b,11300487500000.000000000000,0.857349406859,428674.703429490328582727,1000000.000000000000
0x34DA74CE40b5D994B680B585745B35E7D6797719,28688176000000.000000000000,2.176524745279,1088262.372639500918582416,3000000.000000000000
0xC1674596fFAa78398958ef3041ccF0C100F16d5D,4499370100000.000000000000,0.341359811820,170679.905909989833860202,500000.000000000000
0x0d0a3c6DC8a7352A69b2B31E9DB99f05A4c779F1,742246425000.000000000000,0.056313015896,28156.507947862818835258,550000.000000000000
0xE0276B19467e8A37EACFc93CF18d614910B06f6e,2945891252500.000000000000,0.223499925822,111749.962910977717510435,1595000.000000000000
0xb79E346b8ce8Aee91D6B2A62d82Ee3BAE0a58494,5861144317950.000000000000,0.444675382766,222337.691383195514161413,800000.000000000000
0x81c7863dd804F69D93F75d15903e6e560E5aE16C,6684265500000.000000000000,0.507124233509,253562.11675438549761054,600000.000000000000
0x7A13565f60eaC799CD12ce30c829fB85e3657973,6698664000000.000000000000,0.508216624030,254108.312015194335857217,1000000.000000000000
0x0bF7D10FFdc557cb0348c66Ec6C25173EDf99aA8,341828312500.000000000000,0.025933952050,12966.976025126406427554,175000.000000000000
0x6cDbd3b8363502F6332C8d89A84976CC13801186,255516624900.000000000000,0.019385626222,9692.813110966391838108,41700.000000000000
0x9c035924d172A5Ba3ef6E544af9DDA28A47508c4,761420725312.500000000000,0.057767738535,28883.869267445617473729,110000.000000000000
0xf3800C466184c59E1006892fac15aaE97f1Ca220,285761025600.000000000000,0.021680219177,10840.109588262187235823,80000.000000000000
0x409C6c5Ec5C479673f4c09fb80d0F182Fcff643e,1196387160000.000000000000,0.090767926782,45383.963390946646723033,240000.000000000000
0xaa4fF93201f029A54120D223Deb9FC6d0C8cDd45,2446510333000.000000000000,0.185612716520,92806.358259850172463905,1066200.000000000000
0x9A3054d58e0eEd6d6a4D7f6Cc51Bb384890f5088,2443955250000.000000000000,0.185418866573,92709.433286722886367865,1300000.000000000000
0x86247f8E39A5AC9A723B0f5AA10Bf10b2275Ff14,36637830000.000000000000,0.002779651924,1389.82596189324430873,45000.000000000000
0x0fE5EBAc1b0C212225039c6dF437762D5f53C26E,466941435000000.000000000000,35.426078948818,17713039.474409014243592611,75000000.000000000000
0xDFcA068fC7f0777653C5cAd2EA44817bE4Ccb75C,1125040800000.000000000000,0.085354995753,42677.497876624928160043,120000.000000000000
0x6d063675b808a5462122A6Aa5FC0798bAe05984C,48470356520.000000000000,0.003677366256,1838.683128168821292735,500000.000000000000
0xef19411cA4e50E61aa0d95f41f8c6B321D364076,273195975000.000000000000,0.020726929446,10363.464723203795771662,30000.000000000000
0xDa465B6d4af8Bfef08D428016EaE4bB50b99A636,27263538750000.000000000000,2.068439859448,1034219.929723798859656755,3500000.000000000000
0xB0887e70bA285bfD356e630D83BF31572961d6b9,11095731855.000000000000,0.000841814933,420.907466361541799437,65000.000000000000
0x7950e9a8eef8DF107338b75c8b85834bB258bCB7,71798549850.769500732422,0.005447237929,2723.618964575297553764,25000.000000000000
0xfbC5985E27f667d086262ECBBf09b39c158158A3,2869164650000.000000000000,0.217678804641,108839.402320397895956828,1870000.000000000000
0x41Ce2a48c9e2d61d24158e93cEeee7f59baa432D,3148218300000.000000000000,0.238850146259,119425.073129260504214278,1000000.000000000000
0xEb500802eAaAdA8f44CaF98283d45AdeB8EDa0dA,2630745600000.000000000000,0.199590343315,99795.171657721544505187,1100000.000000000000
0x0E2e720044690F7ADF7B831cBa53D2C129671136,10472789000000.000000000000,0.794553282530,397276.641264779823771989,2000000.000000000000
0x2105fA218b5A675A3b1Dd95378590AbA2586c151,1492932500000.000000000000,0.113266334161,56633.167080424412661562,200000.000000000000
0xF212cE21a97dbe30999a4c2B309d278BCcBb686A,1416696400000.000000000000,0.107482426598,53741.213298950740163905,700000.000000000000
0x23F318E306f9de7071133fA26205f3e58D75fCba,7393146780000.000000000000,0.560905890711,280452.945355427487513484,1002000.000000000000
0xfd83F8bCEE04B49199BA72c65cd34cE3Ca938F96,144723233117842.562500000000,10.979913749057,5489956.874528479716099265,32200000.000000000000
0x0cD25946115f3c474A123b9147E7c5fA89c1e721,2529171299104.156250000000,0.191884068110,95942.034055243453773882,900000.000000000000
0xb6F1E44447ca266849e1a74a01bbC572c1F56788,18258207000000.000000000000,1.385220145747,692610.07287333792668338,3000000.000000000000
0x139803fB9f73541c04e671aBbc8543D1F3958c39,28842660000.000000000000,0.002188245192,1094.122596181591592451,660000.000000000000
0x0EEdD535D5FdEb33C41EAf98B52FA2EC5c984b2F,22455000.000000000000,0.000001703624,0.851811965236827643,30000.000000000000
0x2eA64C6De91cE1cF3d3761930AC775476cDEC742,587474400000.000000000000,0.044570716828,22285.358414176182495661,200000.000000000000
0x23E481379A64332F3C6a0667D26Bd083A12b364a,2086615036500.000000000000,0.158308052098,79154.026049155192389004,489900.000000000000
0xA083345EB51A1Eaa908770ACEC8b005279637114,173885106683.963989257813,0.013192377150,6596.188574922413706764,216137.000000000000
0xBb20677f45561d6C668F66Ba1631639f950Af728,365062250000.000000000000,0.027696672688,13848.336344078293587391,100000.000000000000
0x965e756066a96779EC7BD63A032bEBd264cf6962,1632218652718.579101562500,0.123833745559,61916.872779711420805453,1000000.000000000000
0x2988983d105436843757CE8E45be5B3aF3736445,4923719000000.000000000000,0.373554465167,186777.232583563026918884,2000000.000000000000
0x4dD9e9172ffE9AC81cda3Fa9930ca46aEdFF9002,86845125000.000000000000,0.006588796847,3294.39842340182370646,115000.000000000000
0xD3E15418C06f75E93969215fA81D2eD0E22be269,2613013050000.000000000000,0.198245003902,99122.501951012111949635,1020000.000000000000
